current_resistance,measure_time,time_taken,thickness,current_resistance(single electrode),measure_time(single electrode),time_taken(single electrode,Test compressed thickness:,2.8
99000000.0,1604882004.1515481,0.08676290512084961,3.8,99000000.0,1604882002.8560934,0.08854818344116211,Test compressed thickness:,2.8
99000000.0,1604882004.2400167,0.09017419815063477,3.8
99000000.0,1604882004.3311846,0.09019899368286133,3.8
99000000.0,1604882004.4203444,0.08812069892883301,3.8
99000000.0,1604882004.5103185,0.08983039855957031,3.8
